Title,Main Genre,No. of Books,URLs
Architecture,"Arts, Film & Photography",100.0,https://www.amazon.in/gp/bestsellers/books/1318053031
Cinema & Broadcast,"Arts, Film & Photography",100.0,https://www.amazon.in/gp/bestsellers/books/1318054031
Dance,"Arts, Film & Photography",100.0,https://www.amazon.in/gp/bestsellers/books/1318055031
Design & Fashion,"Arts, Film & Photography",100.0,https://www.amazon.in/gp/bestsellers/books/1318056031
Museums & Museology,"Arts, Film & Photography",100.0,https://www.amazon.in/gp/bestsellers/books/1318058031
Music,"Arts, Film & Photography",100.0,https://www.amazon.in/gp/bestsellers/books/1318059031
Painting,"Arts, Film & Photography",100.0,https://www.amazon.in/gp/bestsellers/books/1318060031
Photography,"Arts, Film & Photography",100.0,https://www.amazon.in/gp/bestsellers/books/1318061031
Sculpture,"Arts, Film & Photography",100.0,https://www.amazon.in/gp/bestsellers/books/1318062031
Theater & Ballet,"Arts, Film & Photography",100.0,https://www.amazon.in/gp/bestsellers/books/1318063031
Theory & Criticism,"Arts, Film & Photography",100.0,https://www.amazon.in/gp/bestsellers/books/1318057031
Biographies & Autobiographies,"Biographies, Diaries & True Accounts",100.0,https://www.amazon.in/gp/bestsellers/books/1318065031
Diaries & Journals,"Biographies, Diaries & True Accounts",100.0,https://www.amazon.in/gp/bestsellers/books/1318066031
True Accounts,"Biographies, Diaries & True Accounts",100.0,https://www.amazon.in/gp/bestsellers/books/1318067031
Analysis & Strategy,Business & Economics,100.0,https://www.amazon.in/gp/bestsellers/books/1318070031
Business Development & Entrepreneurship,Business & Economics,100.0,https://www.amazon.in/gp/bestsellers/books/26160407031
Economics,Business & Economics,100.0,https://www.amazon.in/gp/bestsellers/books/1318069031
Industries,Business & Economics,100.0,https://www.amazon.in/gp/bestsellers/books/1318071031
Action & Adventure,Children's Books,100.0,https://www.amazon.in/gp/bestsellers/books/1318084031
Animals & Pets,Children's Books,100.0,https://www.amazon.in/gp/bestsellers/books/67803455031
Arts & Photography,Children's Books,100.0,https://www.amazon.in/gp/bestsellers/books/67803456031
Biographies,Children's Books,100.0,https://www.amazon.in/gp/bestsellers/books/67803461031
"Cars, Trains & Things That Go",Children's Books,100.0,https://www.amazon.in/gp/bestsellers/books/67803460031
Comics & Graphic Novels,Children's Books,100.0,https://www.amazon.in/gp/bestsellers/books/1318074031
Computers & Technology,Children's Books,100.0,https://www.amazon.in/gp/bestsellers/books/67803464031
"Crafts, Hobbies & Practical Interests",Children's Books,100.0,https://www.amazon.in/gp/bestsellers/books/1318075031
Crime & Thriller,Children's Books,100.0,https://www.amazon.in/gp/bestsellers/books/1318086031
Early Learning,Children's Books,100.0,https://www.amazon.in/gp/bestsellers/books/1318076031
Education & Reference,Children's Books,100.0,https://www.amazon.in/gp/bestsellers/books/67803454031
"Fairy Tales, Folk Tales & Myths",Children's Books,100.0,https://www.amazon.in/gp/bestsellers/books/67803462031
"Family, Personal & Social Issues",Children's Books,100.0,https://www.amazon.in/gp/bestsellers/books/1318077031
Fantasy,Children's Books,100.0,https://www.amazon.in/gp/bestsellers/books/67803457031
"Fantasy, Science Fiction & Horror",Children's Books,100.0,https://www.amazon.in/gp/bestsellers/books/1402037031
"Games, Toys & Activities",Children's Books,100.0,https://www.amazon.in/gp/bestsellers/books/1318078031
Geography & Cultures,Children's Books,100.0,https://www.amazon.in/gp/bestsellers/books/67803459031
Growing Up & Facts of Life,Children's Books,100.0,https://www.amazon.in/gp/bestsellers/books/67803458031
Historical Fiction,Children's Books,100.0,https://www.amazon.in/gp/bestsellers/books/1318088031
History,Children's Books,100.0,https://www.amazon.in/gp/bestsellers/books/1318079031
Holidays & Celebrations,Children's Books,100.0,https://www.amazon.in/gp/bestsellers/books/67803463031
Humour,Children's Books,100.0,https://www.amazon.in/gp/bestsellers/books/1318080031
Interactive & Activity Books,Children's Books,100.0,https://www.amazon.in/gp/bestsellers/books/1318081031
Language Learning,Children's Books,100.0,https://www.amazon.in/gp/bestsellers/books/1318082031
Literature & Fiction,Children's Books,100.0,https://www.amazon.in/gp/bestsellers/books/1318083031
Money & Jobs,Children's Books,100.0,https://www.amazon.in/gp/bestsellers/books/1318096031
Mysteries & Curiosities,Children's Books,100.0,https://www.amazon.in/gp/bestsellers/books/1318097031
Painting,Children's Books,100.0,https://www.amazon.in/gp/bestsellers/books/1318098031
Picture Books,Children's Books,100.0,https://www.amazon.in/gp/bestsellers/books/1318099031
Reference,Children's Books,100.0,https://www.amazon.in/gp/bestsellers/books/1318100031
Religion,Children's Books,100.0,https://www.amazon.in/gp/bestsellers/books/1318101031
"Science, Nature & Technology",Children's Books,100.0,https://www.amazon.in/gp/bestsellers/books/1318102031
Sport,Children's Books,100.0,https://www.amazon.in/gp/bestsellers/books/1318103031
Traditional Stories,Children's Books,100.0,https://www.amazon.in/gp/bestsellers/books/1318092031
Comics,Comics & Mangas,100.0,https://www.amazon.in/gp/bestsellers/books/15705395031
Mangas,Comics & Mangas,100.0,https://www.amazon.in/gp/bestsellers/books/15705396031
Computer Science,"Computing, Internet & Digital Media",100.0,https://www.amazon.in/gp/bestsellers/books/1318108031
Computer Security,"Computing, Internet & Digital Media",100.0,https://www.amazon.in/gp/bestsellers/books/1318109031
Databases & Big Data,"Computing, Internet & Digital Media",100.0,https://www.amazon.in/gp/bestsellers/books/1318110031
Games & Strategy Guides,"Computing, Internet & Digital Media",100.0,https://www.amazon.in/gp/bestsellers/books/1318107031
Graphics & Design,"Computing, Internet & Digital Media",100.0,https://www.amazon.in/gp/bestsellers/books/1318111031
Hardware & DIY,"Computing, Internet & Digital Media",100.0,https://www.amazon.in/gp/bestsellers/books/1318112031
Internet & Social Media,"Computing, Internet & Digital Media",100.0,https://www.amazon.in/gp/bestsellers/books/1318113031
Network Administration,"Computing, Internet & Digital Media",100.0,https://www.amazon.in/gp/bestsellers/books/1318114031
Operating Systems,"Computing, Internet & Digital Media",100.0,https://www.amazon.in/gp/bestsellers/books/1318115031
Programming & Software Development,"Computing, Internet & Digital Media",100.0,https://www.amazon.in/gp/bestsellers/books/1318116031
Software,"Computing, Internet & Digital Media",100.0,https://www.amazon.in/gp/bestsellers/books/1318117031
Antiques & Collectables,"Crafts, Home & Lifestyle",100.0,https://www.amazon.in/gp/bestsellers/books/1318119031
Crafts & Hobbies,"Crafts, Home & Lifestyle",100.0,https://www.amazon.in/gp/bestsellers/books/27906332031
"Food, Drink & Entertaining","Crafts, Home & Lifestyle",100.0,https://www.amazon.in/gp/bestsellers/books/1318120031
Games & Quizzes,"Crafts, Home & Lifestyle",100.0,https://www.amazon.in/gp/bestsellers/books/1318121031
Gardening & Landscape Design,"Crafts, Home & Lifestyle",100.0,https://www.amazon.in/gp/bestsellers/books/1318122031
"Handicrafts, Decorative Arts & Crafts","Crafts, Home & Lifestyle",100.0,https://www.amazon.in/gp/bestsellers/books/1318123031
Home & House Maintenance,"Crafts, Home & Lifestyle",100.0,https://www.amazon.in/gp/bestsellers/books/1318124031
Lifestyle & Personal Style Guides,"Crafts, Home & Lifestyle",100.0,https://www.amazon.in/gp/bestsellers/books/1318125031
Pets & Animal Care,"Crafts, Home & Lifestyle",100.0,https://www.amazon.in/gp/bestsellers/books/1318127031
Crime,"Crime, Thriller & Mystery",100.0,https://www.amazon.in/gp/bestsellers/books/22960214031
Mystery,"Crime, Thriller & Mystery",100.0,https://www.amazon.in/gp/bestsellers/books/22960215031
Thrillers and Suspense,"Crime, Thriller & Mystery",100.0,https://www.amazon.in/gp/bestsellers/books/22960213031
Aeronautical Engineering,Engineering,100.0,https://www.amazon.in/gp/bestsellers/books/4149471031
Aerospace Engineering,Engineering,100.0,https://www.amazon.in/gp/bestsellers/books/12365340031
Automobile Engineering,Engineering,100.0,https://www.amazon.in/gp/bestsellers/books/12365641031
Bioengineering,Engineering,100.0,https://www.amazon.in/gp/bestsellers/books/12365341031
Biotechnology,Engineering,100.0,https://www.amazon.in/gp/bestsellers/books/4149479031
Chemical Engineering,Engineering,100.0,https://www.amazon.in/gp/bestsellers/books/4149472031
Civil Engineering,Engineering,100.0,https://www.amazon.in/gp/bestsellers/books/4149473031
Electrical & Electronic Engineering,Engineering,100.0,https://www.amazon.in/gp/bestsellers/books/4149474031
Environmental Engineering,Engineering,100.0,https://www.amazon.in/gp/bestsellers/books/4149475031
Industrial Engineering,Engineering,100.0,https://www.amazon.in/gp/bestsellers/books/4149476031
Marine Engineering,Engineering,100.0,https://www.amazon.in/gp/bestsellers/books/12365346031
Mechanical Engineering,Engineering,100.0,https://www.amazon.in/gp/bestsellers/books/4149477031
Mechatronics Engineering,Engineering,100.0,https://www.amazon.in/gp/bestsellers/books/12365642031
Metallurgical & Materials Engineering,Engineering,100.0,https://www.amazon.in/gp/bestsellers/books/12365344031
Mining,Engineering,100.0,https://www.amazon.in/gp/bestsellers/books/12365345031
Non-Core Engineering,Engineering,100.0,https://www.amazon.in/gp/bestsellers/books/15613804031
Nuclear Engineering,Engineering,100.0,https://www.amazon.in/gp/bestsellers/books/4149478031
"Production, Operation & Management",Engineering,100.0,https://www.amazon.in/gp/bestsellers/books/12365347031
"Arts, Design and Education Exams",Exam Preparation,100.0,https://www.amazon.in/gp/bestsellers/books/22934500031
Banking & Insurance,Exam Preparation,100.0,https://www.amazon.in/gp/bestsellers/books/4149752031
Defence,Exam Preparation,100.0,https://www.amazon.in/gp/bestsellers/books/4149787031
Engineering Entrance,Exam Preparation,100.0,https://www.amazon.in/gp/bestsellers/books/4149758031
Exams by UPSC,Exam Preparation,100.0,https://www.amazon.in/gp/bestsellers/books/4149785031
Finance & Accounting,Exam Preparation,100.0,https://www.amazon.in/gp/bestsellers/books/4149796031
Government Exams,Exam Preparation,100.0,https://www.amazon.in/gp/bestsellers/books/4149790031
IGNOU Entrance Exam,Exam Preparation,100.0,https://www.amazon.in/gp/bestsellers/books/4149806031
International Entrance Exams,Exam Preparation,100.0,https://www.amazon.in/gp/bestsellers/books/4149769031
Interview Preparation,Exam Preparation,100.0,https://www.amazon.in/gp/bestsellers/books/4149793031
Law Entrance Exams,Exam Preparation,100.0,https://www.amazon.in/gp/bestsellers/books/4149778031
Management Entrance,Exam Preparation,100.0,https://www.amazon.in/gp/bestsellers/books/4149775031
Medical Entrance,Exam Preparation,100.0,https://www.amazon.in/gp/bestsellers/books/4149762031
Polytechnics & ITI,Exam Preparation,100.0,https://www.amazon.in/gp/bestsellers/books/4149780031
Professional Certification Exams,Exam Preparation,100.0,https://www.amazon.in/gp/bestsellers/books/4149802031
Fantasy,"Fantasy, Horror & Science Fiction",100.0,https://www.amazon.in/gp/bestsellers/books/1318163031
Horror,"Fantasy, Horror & Science Fiction",100.0,https://www.amazon.in/gp/bestsellers/books/1318165031
Science Fiction,"Fantasy, Horror & Science Fiction",100.0,https://www.amazon.in/gp/bestsellers/books/1318169031
Family & Relationships,"Health, Family & Personal Development",100.0,https://www.amazon.in/gp/bestsellers/books/1318129031
Healthy Living & Wellness,"Health, Family & Personal Development",100.0,https://www.amazon.in/gp/bestsellers/books/1318130031
Personal Transformation,"Health, Family & Personal Development",100.0,https://www.amazon.in/gp/bestsellers/books/1318132031
Self-Help,"Health, Family & Personal Development",100.0,https://www.amazon.in/gp/bestsellers/books/23033695031
Addiction & Recovery,"Health, Fitness & Nutrition",100.0,https://www.amazon.in/gp/bestsellers/books/23033694031
Business & Finance,Higher Education Textbooks,100.0,https://www.amazon.in/gp/bestsellers/books/4149419031
Communication & Journalism,Higher Education Textbooks,100.0,https://www.amazon.in/gp/bestsellers/books/4149446031
Computer Science,Higher Education Textbooks,100.0,https://www.amazon.in/gp/bestsellers/books/4149451031
Engineering Textbooks,Higher Education Textbooks,100.0,https://www.amazon.in/gp/bestsellers/books/4149470031
Humanities,Higher Education Textbooks,100.0,https://www.amazon.in/gp/bestsellers/books/4149480031
Law,Higher Education Textbooks,100.0,https://www.amazon.in/gp/bestsellers/books/4149542031
Medicine & Health Sciences,Higher Education Textbooks,100.0,https://www.amazon.in/gp/bestsellers/books/4149549031
Science & Mathematics,Higher Education Textbooks,100.0,https://www.amazon.in/gp/bestsellers/books/4149708031
Social Sciences,Higher Education Textbooks,100.0,https://www.amazon.in/gp/bestsellers/books/4149727031
Teaching & Education,Higher Education Textbooks,100.0,https://www.amazon.in/gp/bestsellers/books/4149461031
Ancient,History,100.0,https://www.amazon.in/gp/bestsellers/books/4149495031
Biographies & Autobiographies,History,100.0,https://www.amazon.in/gp/bestsellers/books/1318065031
Indian History,History,100.0,https://www.amazon.in/gp/bestsellers/books/4149502031
Military,History,100.0,https://www.amazon.in/gp/bestsellers/books/4149500031
Region & Countries,History,100.0,https://www.amazon.in/gp/bestsellers/books/16275166031
World,History,100.0,https://www.amazon.in/gp/bestsellers/books/15723302031
Dictionaries,"Language, Linguistics & Writing",100.0,https://www.amazon.in/gp/bestsellers/books/1318145031
Grammar,"Language, Linguistics & Writing",100.0,https://www.amazon.in/gp/bestsellers/books/1318146031
Journalism,"Language, Linguistics & Writing",100.0,https://www.amazon.in/gp/bestsellers/books/1318147031
Language Learning & Teaching,"Language, Linguistics & Writing",100.0,https://www.amazon.in/gp/bestsellers/books/1318148031
Linguistics,"Language, Linguistics & Writing",100.0,https://www.amazon.in/gp/bestsellers/books/1318149031
Public Speaking,"Language, Linguistics & Writing",100.0,https://www.amazon.in/gp/bestsellers/books/15412182031
Writing Guides,"Language, Linguistics & Writing",100.0,https://www.amazon.in/gp/bestsellers/books/1318151031
Bar Exams,Law,100.0,https://www.amazon.in/gp/bestsellers/books/4149547031
Business Law,Law,100.0,https://www.amazon.in/gp/bestsellers/books/4149543031
Constitutional Law,Law,100.0,https://www.amazon.in/gp/bestsellers/books/4149544031
Criminal Law,Law,100.0,https://www.amazon.in/gp/bestsellers/books/4149545031
Legal Reference,Law,100.0,https://www.amazon.in/gp/bestsellers/books/4149546031
Tax Law,Law,100.0,https://www.amazon.in/gp/bestsellers/books/4149548031
Action & Adventure,Literature & Fiction,100.0,https://www.amazon.in/gp/bestsellers/books/1318158031
Anthologies,Literature & Fiction,100.0,https://www.amazon.in/gp/bestsellers/books/1318171031
Classic Fiction,Literature & Fiction,100.0,https://www.amazon.in/gp/bestsellers/books/1318159031
Contemporary Fiction,Literature & Fiction,100.0,https://www.amazon.in/gp/bestsellers/books/1318160031
"Crime, Thriller & Mystery",Literature & Fiction,100.0,https://www.amazon.in/gp/bestsellers/books/1318161031
Disability Fiction,Literature & Fiction,100.0,https://www.amazon.in/gp/bestsellers/books/30465605031
Essays,Literature & Fiction,100.0,https://www.amazon.in/gp/bestsellers/books/1318172031
"Fantasy, Horror & Science Fiction",Literature & Fiction,100.0,https://www.amazon.in/gp/bestsellers/books/1402038031
Historical Fiction,Literature & Fiction,100.0,https://www.amazon.in/gp/bestsellers/books/1318164031
Humour,Literature & Fiction,100.0,https://www.amazon.in/gp/bestsellers/books/1318143031
Indian Writing,Literature & Fiction,100.0,https://www.amazon.in/gp/bestsellers/books/1890195031
"Literary Theory, History & Criticism",Literature & Fiction,100.0,https://www.amazon.in/gp/bestsellers/books/1318173031
"Myths, Legends & Sagas",Literature & Fiction,100.0,https://www.amazon.in/gp/bestsellers/books/1318166031
Plays,Literature & Fiction,100.0,https://www.amazon.in/gp/bestsellers/books/1318174031
Poetry,Literature & Fiction,100.0,https://www.amazon.in/gp/bestsellers/books/1318175031
Religious & Spiritual Fiction,Literature & Fiction,100.0,https://www.amazon.in/gp/bestsellers/books/1318167031
Romance,Literature & Fiction,100.0,https://www.amazon.in/gp/bestsellers/books/1318168031
Short Stories,Literature & Fiction,100.0,https://www.amazon.in/gp/bestsellers/books/1318170031
Travel Writing,Literature & Fiction,100.0,https://www.amazon.in/gp/bestsellers/books/1318299031
Administration & Policy,Medicine & Health Sciences,100.0,https://www.amazon.in/gp/bestsellers/books/4149550031
Allied Health Services,Medicine & Health Sciences,100.0,https://www.amazon.in/gp/bestsellers/books/4149561031
Alternative Medicine,Medicine & Health Sciences,100.0,https://www.amazon.in/gp/bestsellers/books/4149574031
Dentistry,Medicine & Health Sciences,100.0,https://www.amazon.in/gp/bestsellers/books/4149581031
Medicine,Medicine & Health Sciences,100.0,https://www.amazon.in/gp/bestsellers/books/4149588031
Nursing,Medicine & Health Sciences,100.0,https://www.amazon.in/gp/bestsellers/books/4149670031
Reference,Medicine & Health Sciences,100.0,https://www.amazon.in/gp/bestsellers/books/4149694031
Research,Medicine & Health Sciences,100.0,https://www.amazon.in/gp/bestsellers/books/4149699031
Test Preparation & Review,Medicine & Health Sciences,100.0,https://www.amazon.in/gp/bestsellers/books/4149702031
Veterinary Medicine,Medicine & Health Sciences,100.0,https://www.amazon.in/gp/bestsellers/books/4149703031
Freedom & Security,Politics,100.0,https://www.amazon.in/gp/bestsellers/books/1318177031
International Relations & Globalization,Politics,100.0,https://www.amazon.in/gp/bestsellers/books/1318179031
Political Ideologies,Politics,100.0,https://www.amazon.in/gp/bestsellers/books/1318180031
Political Parties,Politics,100.0,https://www.amazon.in/gp/bestsellers/books/1318181031
Political Structure & Processes,Politics,100.0,https://www.amazon.in/gp/bestsellers/books/1318183031
Political Theory,Politics,100.0,https://www.amazon.in/gp/bestsellers/books/1318182031
Public Administration,Politics,100.0,https://www.amazon.in/gp/bestsellers/books/1318184031
Dictionaries & Thesauruses,Reference,100.0,https://www.amazon.in/gp/bestsellers/books/15412161031
Encyclopaedias & Reference Works,Reference,100.0,https://www.amazon.in/gp/bestsellers/books/1318186031
Etiquette,Reference,100.0,https://www.amazon.in/gp/bestsellers/books/15412177031
Library & Information Science,Reference,100.0,https://www.amazon.in/gp/bestsellers/books/1318187031
"Words, Language & Grammar",Reference,100.0,https://www.amazon.in/gp/bestsellers/books/15412178031
Baha'i,Religion,100.0,https://www.amazon.in/gp/bestsellers/books/1318189031
Buddhism,Religion,100.0,https://www.amazon.in/gp/bestsellers/books/1318190031
Christianity,Religion,100.0,https://www.amazon.in/gp/bestsellers/books/1318191031
Ethnical,Religion,100.0,https://www.amazon.in/gp/bestsellers/books/1318192031
Hinduism,Religion,100.0,https://www.amazon.in/gp/bestsellers/books/1318194031
Islam,Religion,100.0,https://www.amazon.in/gp/bestsellers/books/1318196031
Jainism,Religion,100.0,https://www.amazon.in/gp/bestsellers/books/1318197031
Judaism,Religion,100.0,https://www.amazon.in/gp/bestsellers/books/1318198031
New Age & Spirituality,Religion,100.0,https://www.amazon.in/gp/bestsellers/books/10533825031
Religious Studies,Religion,100.0,https://www.amazon.in/gp/bestsellers/books/10533823031
Shintoism,Religion,100.0,https://www.amazon.in/gp/bestsellers/books/1318199031
Sikhism,Religion,100.0,https://www.amazon.in/gp/bestsellers/books/1318200031
Action & Adventure,Romance,100.0,https://www.amazon.in/gp/bestsellers/books/86208349031
Adaptations,Romance,100.0,https://www.amazon.in/gp/bestsellers/books/92041941031
Alpha Male,Romance,100.0,https://www.amazon.in/gp/bestsellers/books/92041942031
Amish,Romance,100.0,https://www.amazon.in/gp/bestsellers/books/89265413031
Billionaires & Millionaires,Romance,100.0,https://www.amazon.in/gp/bestsellers/books/92041940031
Clean & Wholesome,Romance,100.0,https://www.amazon.in/gp/bestsellers/books/89265408031
Collections & Anthologies,Romance,100.0,https://www.amazon.in/gp/bestsellers/books/2590356031
Contemporary,Romance,100.0,https://www.amazon.in/gp/bestsellers/books/2590357031
Enemies to Lovers,Romance,100.0,https://www.amazon.in/gp/bestsellers/books/92041935031
Fantasy,Romance,100.0,https://www.amazon.in/gp/bestsellers/books/2590358031
Gothic,Romance,100.0,https://www.amazon.in/gp/bestsellers/books/89265403031
Historical,Romance,100.0,https://www.amazon.in/gp/bestsellers/books/2590359031
Holidays,Romance,100.0,https://www.amazon.in/gp/bestsellers/books/89265411031
Later in Life,Romance,100.0,https://www.amazon.in/gp/bestsellers/books/89265414031
Love Triangle,Romance,100.0,https://www.amazon.in/gp/bestsellers/books/92041943031
Mafia Romance,Romance,100.0,https://www.amazon.in/gp/bestsellers/books/92041939031
Multicultural & Interracial,Romance,100.0,https://www.amazon.in/gp/bestsellers/books/89265409031
New Adult & College,Romance,100.0,https://www.amazon.in/gp/bestsellers/books/92041934031
Paranormal,Romance,100.0,https://www.amazon.in/gp/bestsellers/books/89265410031
Polyamory,Romance,100.0,https://www.amazon.in/gp/bestsellers/books/92041936031
Romance in Uniform,Romance,100.0,https://www.amazon.in/gp/bestsellers/books/89265405031
Romantic Comedy,Romance,100.0,https://www.amazon.in/gp/bestsellers/books/86208348031
Romantic Suspense,Romance,100.0,https://www.amazon.in/gp/bestsellers/books/2590360031
Science Fiction,Romance,100.0,https://www.amazon.in/gp/bestsellers/books/89265412031
Small Town Romance,Romance,100.0,https://www.amazon.in/gp/bestsellers/books/92041937031
Sports,Romance,100.0,https://www.amazon.in/gp/bestsellers/books/89265407031
Time Travel,Romance,100.0,https://www.amazon.in/gp/bestsellers/books/89265406031
Western & Frontier,Romance,100.0,https://www.amazon.in/gp/bestsellers/books/89265404031
Workplace Romance,Romance,100.0,https://www.amazon.in/gp/bestsellers/books/92041938031
CBSE,School Books,100.0,https://www.amazon.in/gp/bestsellers/books/4149808031
CISCE,School Books,100.0,https://www.amazon.in/gp/bestsellers/books/4149814031
International School Boards,School Books,100.0,https://www.amazon.in/gp/bestsellers/books/10998107031
Olympiads & Scholarship Exams,School Books,100.0,https://www.amazon.in/gp/bestsellers/books/4149834031
Open Schooling,School Books,100.0,https://www.amazon.in/gp/bestsellers/books/4149820031
School Atlases,School Books,100.0,https://www.amazon.in/gp/bestsellers/books/23037213031
School Bundles,School Books,100.0,https://www.amazon.in/gp/bestsellers/books/15886441031
State Education Boards,School Books,100.0,https://www.amazon.in/gp/bestsellers/books/4149822031
Agriculture,Science & Mathematics,100.0,https://www.amazon.in/gp/bestsellers/books/4149709031
Astronomy & Astrophysics,Science & Mathematics,100.0,https://www.amazon.in/gp/bestsellers/books/4149710031
Biology & Life Sciences,Science & Mathematics,100.0,https://www.amazon.in/gp/bestsellers/books/4149711031
Chemistry,Science & Mathematics,100.0,https://www.amazon.in/gp/bestsellers/books/4149717031
Earth Sciences,Science & Mathematics,100.0,https://www.amazon.in/gp/bestsellers/books/4149718031
Environmental Studies,Science & Mathematics,100.0,https://www.amazon.in/gp/bestsellers/books/4149719031
Mathematics,Science & Mathematics,100.0,https://www.amazon.in/gp/bestsellers/books/4149720031
Mechanics,Science & Mathematics,100.0,https://www.amazon.in/gp/bestsellers/books/4149725031
Physics,Science & Mathematics,100.0,https://www.amazon.in/gp/bestsellers/books/4149726031
Agriculture & Farming,"Sciences, Technology & Medicine",100.0,https://www.amazon.in/gp/bestsellers/books/1318204031
Astronomy,"Sciences, Technology & Medicine",100.0,https://www.amazon.in/gp/bestsellers/books/1318205031
Biology & Life Sciences,"Sciences, Technology & Medicine",100.0,https://www.amazon.in/gp/bestsellers/books/1318206031
Chemistry,"Sciences, Technology & Medicine",100.0,https://www.amazon.in/gp/bestsellers/books/1318207031
Earth Sciences,"Sciences, Technology & Medicine",100.0,https://www.amazon.in/gp/bestsellers/books/1318208031
Engineering & Technology,"Sciences, Technology & Medicine",100.0,https://www.amazon.in/gp/bestsellers/books/1318209031
Environment,"Sciences, Technology & Medicine",100.0,https://www.amazon.in/gp/bestsellers/books/1318210031
Environmentalism,"Sciences, Technology & Medicine",100.0,https://www.amazon.in/gp/bestsellers/books/67803453031
Geography,"Sciences, Technology & Medicine",100.0,https://www.amazon.in/gp/bestsellers/books/1318211031
Mathematics,"Sciences, Technology & Medicine",100.0,https://www.amazon.in/gp/bestsellers/books/4149720031
Medicine,"Sciences, Technology & Medicine",100.0,https://www.amazon.in/gp/bestsellers/books/4149588031
Physics,"Sciences, Technology & Medicine",100.0,https://www.amazon.in/gp/bestsellers/books/4149726031
Transportation & Automotive,"Sciences, Technology & Medicine",100.0,https://www.amazon.in/gp/bestsellers/books/1318215031
Anthropology,Society & Social Sciences,100.0,https://www.amazon.in/gp/bestsellers/books/1318217031
Education,Society & Social Sciences,100.0,https://www.amazon.in/gp/bestsellers/books/1318218031
Ethnography,Society & Social Sciences,100.0,https://www.amazon.in/gp/bestsellers/books/26437177031
Religious Groups Studies,Society & Social Sciences,100.0,https://www.amazon.in/gp/bestsellers/books/26437178031
Social Welfare & Social Services,Society & Social Sciences,100.0,https://www.amazon.in/gp/bestsellers/books/1318221031
Society & Culture,Society & Social Sciences,100.0,https://www.amazon.in/gp/bestsellers/books/1318222031
Sociology,Society & Social Sciences,100.0,https://www.amazon.in/gp/bestsellers/books/4149750031
Active Outdoor Pursuits,Sports,100.0,https://www.amazon.in/gp/bestsellers/books/1318225031
Air Sports,Sports,100.0,https://www.amazon.in/gp/bestsellers/books/1318232031
American Football,Sports,100.0,https://www.amazon.in/gp/bestsellers/books/1318233031
Athletics & Gymnastics,Sports,100.0,https://www.amazon.in/gp/bestsellers/books/1318259031
Badminton,Sports,100.0,https://www.amazon.in/gp/bestsellers/books/1318234031
Baseball,Sports,100.0,https://www.amazon.in/gp/bestsellers/books/1318235031
Basketball,Sports,100.0,https://www.amazon.in/gp/bestsellers/books/1318236031
Bodybuilding & Weightlifting,Sports,100.0,https://www.amazon.in/gp/bestsellers/books/1318237031
"Bowls, Bowling & Petanque",Sports,100.0,https://www.amazon.in/gp/bestsellers/books/1318238031
Cheerleading,Sports,100.0,https://www.amazon.in/gp/bestsellers/books/1318239031
Combat Sports & Self-Defence,Sports,100.0,https://www.amazon.in/gp/bestsellers/books/1318240031
Cricket,Sports,100.0,https://www.amazon.in/gp/bestsellers/books/1318245031
Cycling,Sports,100.0,https://www.amazon.in/gp/bestsellers/books/1318246031
Equestrian & Animal Sports,Sports,100.0,https://www.amazon.in/gp/bestsellers/books/1318247031
Field Sports,Sports,100.0,https://www.amazon.in/gp/bestsellers/books/1318253031
Golf,Sports,100.0,https://www.amazon.in/gp/bestsellers/books/1318258031
Hockey,Sports,100.0,https://www.amazon.in/gp/bestsellers/books/1318260031
Hurling,Sports,100.0,https://www.amazon.in/gp/bestsellers/books/1318261031
Juggling,Sports,100.0,https://www.amazon.in/gp/bestsellers/books/1318262031
Lacrosse,Sports,100.0,https://www.amazon.in/gp/bestsellers/books/1318263031
Marathon & Running,Sports,100.0,https://www.amazon.in/gp/bestsellers/books/1318264031
Motor Sports,Sports,100.0,https://www.amazon.in/gp/bestsellers/books/1318265031
Netball,Sports,100.0,https://www.amazon.in/gp/bestsellers/books/1318269031
"Pool, Billiards & Snooker",Sports,100.0,https://www.amazon.in/gp/bestsellers/books/1318270031
Rugby,Sports,100.0,https://www.amazon.in/gp/bestsellers/books/1318271031
Skateboarding,Sports,100.0,https://www.amazon.in/gp/bestsellers/books/1318272031
Soccer,Sports,100.0,https://www.amazon.in/gp/bestsellers/books/1318273031
Softball,Sports,100.0,https://www.amazon.in/gp/bestsellers/books/1318274031
Sporting Events & Organisations,Sports,100.0,https://www.amazon.in/gp/bestsellers/books/1318275031
Squash & Racquetball,Sports,100.0,https://www.amazon.in/gp/bestsellers/books/1318276031
Table Tennis,Sports,100.0,https://www.amazon.in/gp/bestsellers/books/1318277031
Tennis,Sports,100.0,https://www.amazon.in/gp/bestsellers/books/1318278031
Training & Coaching,Sports,100.0,https://www.amazon.in/gp/bestsellers/books/1318279031
Triathlon,Sports,100.0,https://www.amazon.in/gp/bestsellers/books/1318280031
Volleyball,Sports,100.0,https://www.amazon.in/gp/bestsellers/books/1318281031
Water Sports,Sports,100.0,https://www.amazon.in/gp/bestsellers/books/1318282031
Winter Sports,Sports,100.0,https://www.amazon.in/gp/bestsellers/books/1318289031
Arts & Photography,Teen & Young Adult,100.0,https://www.amazon.in/gp/bestsellers/books/67803448031
Biographies,Teen & Young Adult,100.0,https://www.amazon.in/gp/bestsellers/books/67803441031
Comics & Graphic Novels,Teen & Young Adult,100.0,https://www.amazon.in/gp/bestsellers/books/67803446031
Computers,Teen & Young Adult,100.0,https://www.amazon.in/gp/bestsellers/books/67803439031
Education & Reference,Teen & Young Adult,100.0,https://www.amazon.in/gp/bestsellers/books/67803444031
History,Teen & Young Adult,100.0,https://www.amazon.in/gp/bestsellers/books/67803450031
Hobbies & Games,Teen & Young Adult,100.0,https://www.amazon.in/gp/bestsellers/books/67803442031
Literature & Fiction,Teen & Young Adult,100.0,https://www.amazon.in/gp/bestsellers/books/67803436031
Mysteries & Thrillers,Teen & Young Adult,100.0,https://www.amazon.in/gp/bestsellers/books/67803443031
Personal Health,Teen & Young Adult,100.0,https://www.amazon.in/gp/bestsellers/books/67803451031
Religion & Spirituality,Teen & Young Adult,100.0,https://www.amazon.in/gp/bestsellers/books/67803452031
Romance,Teen & Young Adult,100.0,https://www.amazon.in/gp/bestsellers/books/67803438031
Science & Technology,Teen & Young Adult,100.0,https://www.amazon.in/gp/bestsellers/books/67803445031
Science Fiction & Fantasy,Teen & Young Adult,100.0,https://www.amazon.in/gp/bestsellers/books/67803449031
Social & Family Issues,Teen & Young Adult,100.0,https://www.amazon.in/gp/bestsellers/books/67803447031
Social Sciences,Teen & Young Adult,100.0,https://www.amazon.in/gp/bestsellers/books/67803435031
Sports & Outdoors,Teen & Young Adult,100.0,https://www.amazon.in/gp/bestsellers/books/67803440031
Travel,Teen & Young Adult,100.0,https://www.amazon.in/gp/bestsellers/books/67803437031
Reference,Textbooks & Study Guides,100.0,https://www.amazon.in/gp/bestsellers/books/1318185031
Study Guides & Workbooks,Textbooks & Study Guides,100.0,https://www.amazon.in/gp/bestsellers/books/15417301031
"Food, Lodging & Transportation",Travel,100.0,https://www.amazon.in/gp/bestsellers/books/14545908031
Illustrated Books,Travel,100.0,https://www.amazon.in/gp/bestsellers/books/1318296031
Specialty Travel,Travel,100.0,https://www.amazon.in/gp/bestsellers/books/14545920031
Transport,Travel,100.0,https://www.amazon.in/gp/bestsellers/books/22960212031
Travel & Holiday Guides,Travel,100.0,https://www.amazon.in/gp/bestsellers/books/1318297031
Travel Writing,Travel,100.0,https://www.amazon.in/gp/bestsellers/books/1318299031
